1301CE01	Aditya Jhalani	7.65	aditya.ce13
‹p·1301CE02	Amolika Sinha	8.81	amolika.ce13
‹p·1301CE03	ASHUTOSH SINGH	6.61	ashutosh.ce13
·1301CE05	Durubesula Rupesh Kumar	5.98	durubesula.ce13
1301CE06	Gaurav Garg	7.42	gaurav.ce13
durubesula.ce13
1301CE09	Hasan Ahmed Faisal	8.43	hasan.ce13
sula.ce13
1301CE10	Jatin Singh	7.51	jatin.ce13
n.ce13
sula.ce13
1301CE11	JUTURU AJAY REDDY	8.51	juturu.ce13
sula.ce13
1301CE12	Kumar Gaurav	8.33	kumargaurav.ce13
sula.ce13
1301CE18	ROBIN KUMAR GAUTAM	9.23	robin.ce13
sula.ce13
1301CE19	RONAK JAIN	8.07	ronak.ce13
in.ce13
sula.ce13
1301CE22	Yewale Akash Dilip	8.17	yewale.ce13
ula.ce13
1301CH01	ABHIJEET SINGH	7.98	abhijeet.ch13
3
ula.ce13
1301CH02	abhishek bhawsar	6.8	abhishek.ch13@iitp.ac.in
1301CH06	ARPIT	8.15	arpit.ch13
bhishek.ch13@iitp.ac.in
1301CH07	Ashutosh Singh	8.21	ashutosh.ch13
@iitp.ac.in
1301CH09	Divya Garg	7.76	divya.ch13
h.ch13
@iitp.ac.in
1301CH11	Jagdish Prasad Choudhary	6.79	jagdish.ch13
in
1301CH12	Kush Patel	7.28	patel.ch13
79	jagdish.ch13
in
1301CH14	PRASHANT PARIHAR	6.41	prashantparihar.ch13
in
1301CH14	PRASHANT PARIHAR	6.41	prashantparihar.ch13
in
1301CH16	Sai Sumanth.K	6.69	sumanthk.ch13@iitp.ac.in
n
1301CH18	VINOD KUMAR JAT	5.85	vinod.ch13
@iitp.ac.in
n
1301CS02	Aditya Gupta	8.34	aditya.cs13
3
@iitp.ac.in
n
1301CS02	Aditya Gupta	8.34	aditya.cs13
3
@iitp.ac.in
n
1301CS03	Aditya Gupta	7.77	adityagupta.cs13
tp.ac.in
n
1301CS03	Aditya Gupta	7.77	adityagupta.cs13
tp.ac.in
n
1301CS05	Akshay Mohan	8.08	akshay.cs13
cs13
tp.ac.in
n
1301CS06	ALOK KUMAR	6.24	alokkumar.cs13
s13
tp.ac.in
n
1301CS07	Alok Patwal	7.73	alokpatwal.cs13
3
tp.ac.in
n
1301CS10	Ankit Kumar	9.14	ankit.cs13
cs13
3
tp.ac.in
n
1301CS11	Anushrut S Hande	7.8	anushrut.cs13@iitp.ac.in
1301CS12	Arindam Banerjee	9.19	arindam.cs13
iitp.ac.in
1301CS12	Arindam Banerjee	9.19	arindam.cs13
iitp.ac.in
1301CS15	DHRUV JHORAR	6.93	jhorar.cs13
cs13
iitp.ac.in
1301CS17	Don Kurian Dennis	8.2	don.cs13
s13
iitp.ac.in
1301CS18	Sanjeevini Ganni	8.73	ganni.cs13
3
iitp.ac.in
1301CS19	Harshit	8.69	harshit.cs13
i.cs13
3
iitp.ac.in
1301CS20	Himanshu Garg	8.65	himanshu.cs13
3
iitp.ac.in
1301CS20	Himanshu Garg	8.65	himanshu.cs13
3
iitp.ac.in
1301CS21	Himanshu Parmar	6.17	hparmar.cs13

iitp.ac.in
1301CS22	K.Tejram	8.52	tejram.cs13
ar.cs13

iitp.ac.in
1301CS23	KALAHASTI VENKATA ABHISHEKH	8.75	kalahasti.cs13
¹r·1301CS23	KALAHASTI VENKATA ABHISHEKH	8.75	kalahasti.cs13
¹r·1301CS25	Kuntal Das	6.04	kuntal.cs13
8.75	kalahasti.cs13
¹r·1301CS27	Manu Kumar Sharma	8.4	manu.cs13
	kalahasti.cs13
¹r·1301CS27	Manu Kumar Sharma	8.4	manu.cs13
	kalahasti.cs13
¹r·1301CS29	M.G.NAVEEN KUMAR	5.5	naveen.cs13
kalahasti.cs13
¹r·1301CS30	Padma Ram Meg	6.91	padma.cs13
13
kalahasti.cs13
¹r·1301CS30	Padma Ram Meg	6.91	padma.cs13
13
kalahasti.cs13
¹r·1301CS31	P.Sai Shandeep Reddy	7.45	preddy.cs13
asti.cs13
¹r·1301CS32	Parikshit Saraswat	8.09	parikshit.cs13
sti.cs13
¹r·1301CS32	Parikshit Saraswat	8.09	parikshit.cs13
sti.cs13
¹r·1301CS34	Rahul Arya	6.38	rahul.cs13
ikshit.cs13
sti.cs13
¹r·1301CS37	Ravi Sonam	8.53	ravi.cs13

ikshit.cs13
sti.cs13
¹r·1301CS38	Ritik Prasad Mathur	8.02	ritik.cs13
13
sti.cs13
¹r·1301CS41	Sheik Sameeruddin	6.02	sheik.cs13
3
13
sti.cs13
¹r·1301CS43	SUNNY NARAYAN	8.09	sunny.cs13
s13
3
13
sti.cs13
¹r·1301CS44	Vinay Kumar Chaudhary	7.3	vinay.cs13
3
sti.cs13
¹r·1301CS45	Vinay Kumar Yadav	8.83	vinayyadav.cs13
sti.cs13
¹r·1301CS46	Vishal Chauhan	8.92	vishal.cs13
v.cs13
sti.cs13
¹r·1301CS47	Vuppu Sai Teja	6.25	vuppu.cs13

v.cs13
sti.cs13
¹r·1301CS48	Shubham	9.87	shubham.ee13
cs13

v.cs13
sti.cs13
¹r·1301CS48	Shubham	9.87	shubham.ee13
cs13

v.cs13
sti.cs13
¹r·1301CS49	Titas Nandi	9.66	titas.ee13
13

v.cs13
sti.cs13
¹r·1301CS50	Ritobroto Maitra	8.91	ritobroto.ee13
3
sti.cs13
¹r·1301CS51	Rajbir Singh	9.23	rajbir.ee13
o.ee13
3
sti.cs13
¹r·1301CS52	Rishabh Goel	9.22	rishabh.ce13
.ee13
3
sti.cs13
¹r·1301CS54	Ankit Tripathi	8.89	ankit.me13
.ee13
3
sti.cs13
¹r·1301CS55	AYUSH GARG	8.94	ayush.ce13
e13
.ee13
3
sti.cs13
¹r·1301CS56	Devansh Gupta	8.45	devansh.me13
ee13
3
sti.cs13
¹r·1301EE02	Aman Prakash Singh	7.8	aman.ee13
e13
3
sti.cs13
¹r·1301EE03	ANKITA SINGH	8.2	ankita.ee13
e13
e13
3
sti.cs13
¹r·1301EE03	ANKITA SINGH	8.2	ankita.ee13
e13
e13
3
sti.cs13
¹r·1301EE05	Ashwani Kumar	6	ashwani.ee13
e13
e13
3
sti.cs13
¹r·1301EE06-	Ayushi Priyam 	8.77	ayushi.ee13
e13
3
sti.cs13
¹r·1301EE07	B. V M S R Krishna Babu	7.74	bathina.ee13
.cs13
¹r·1301EE08	CH KRISHNA PRANAY	7.1	krishna.ee13@iitp.ac.in
3
¹r·1301EE09	DEEPAK KUMAR	7.33	deepak.ee13
ee13@iitp.ac.in
3
¹r·1301EE10	DEEPTI	6.25	deepti.ee13
.ee13
ee13@iitp.ac.in
3
¹r·1301EE11	Devesh Devendra	8.12	devesh.ee13
3@iitp.ac.in
3
¹r·1301EE11	Devesh Devendra	8.12	devesh.ee13
3@iitp.ac.in
3
¹r·1301EE12	Garima Gautam	9.29	garima.ee13
3
3@iitp.ac.in
3
¹r·1301EE13	LOKESH AGARWAL	7.61	lokesh.ee13

3@iitp.ac.in
3
¹r·1301EE15	Mahesh Venkat N	5.73	mahesh.ee13
3@iitp.ac.in
3
¹r·1301EE18	Mohammed Shiyas P C	7.16	shiyas.ee13
tp.ac.in
3
¹r·1301EE19	Mulay Ganesh Anil	8.77	mulay.ee13
13
tp.ac.in
3
¹r·1301EE24	RAJAN KUMAR	7.2	rajan.ee13
y.ee13
13
tp.ac.in
3
¹r·1301EE26	Rakesh Podder	7.25	rakesh.ee13
13
13
tp.ac.in
3
¹r·1301EE28	RAMLAKHAN MEENA	6.95	ramlakhan.ee13

tp.ac.in
3
¹r·1301EE29	RINKU MEENA	6.82	rinku.ee13
an.ee13

tp.ac.in
3
¹r·1301EE31	rustam kumar	7.6	rustam.ee13
n.ee13

tp.ac.in
3
¹r·1301EE35	Shubham	7.81	shubham2.ee13
3
n.ee13

tp.ac.in
3
¹r·1301EE38	Swapnil Jhawar	7.83	swapnil.ee13
13

tp.ac.in
3
¹r·1301EE39	Tanuj Sharma	7.45	tanuj.ee13
e13
13

tp.ac.in
3
¹r·1301EE42	Tulasi Chandan Behera	8.42	tulasi.ee13
.ac.in
3
¹r·1301EE44	Vivek Joshi	7.5	vivek.ee13
tulasi.ee13
.ac.in
3
¹r·1301EE44	Vivek Joshi	7.5	vivek.ee13
tulasi.ee13
.ac.in
3
¹r·1301EE45	Avaneesh Yembadi	6.2	yembadi.ee13
ee13
.ac.in
3
¹r·1301EE46	AJIT SINGH	7.83	ajit.ee13
di.ee13
ee13
.ac.in
3
¹r·1301ME02	Abhinav kumar Das	7.44	abhinav.me13
13
.ac.in
3
¹r·1301ME03	Akash Gajbhiye	7.79	akash.me13
me13
13
.ac.in
3
¹r·1301ME04	ALOK KUMAR	7.35	alok.me13
me13
me13
13
.ac.in
3
¹r·1301ME04	ALOK KUMAR	7.35	alok.me13
me13
me13
13
.ac.in
3
¹r·1301ME05	Aman Kumar Singh	7.78	aman.me13
e13
13
.ac.in
3
¹r·1301ME06	Amarendra Singh	8.84	amarendra.me13
13
.ac.in
3
¹r·1301ME06	Amarendra Singh	8.84	amarendra.me13
13
.ac.in
3
¹r·1301ME07	ANANT ARYA	6.69	anant.me13@iitp.ac.in

.ac.in
3
¹r·1301ME09	Arpit agrawal	7.74	arpit.me13
p.ac.in

.ac.in
3
¹r·1301ME17	DAKSH SIROHI	6.06	daksh.me13

p.ac.in

.ac.in
3
¹r·1301ME21	Karan Jakhar	7.52	karan.me13

p.ac.in

.ac.in
3
¹r·1301ME23	Kshitij Kumar Choudhary	8	kshitij.me13
.ac.in
3
¹r·1301ME24	kunal kanoi	7.64	kunal.me13@iitp.ac.in
.ac.in
3
¹r·1301ME27	Prashant Luhana	7.01	prashant.me13
.in
.ac.in
3
¹r·1301ME28	Neetesh Kumar Sah	7.23	neetesh.me13
in
.ac.in
3
¹r·1301ME28	Neetesh Kumar Sah	7.23	neetesh.me13
in
.ac.in
3
¹r·1301ME30	NITESH KUMAR	8.62	nitesh.me13
.me13
in
.ac.in
3
¹r·1301ME30	NITESH KUMAR	8.62	nitesh.me13
.me13
in
.ac.in
3
¹r·1301ME31	OM PRAKASH SAHU	6.97	omprakash.me13
in
.ac.in
3
¹r·1301ME32	PRAJJVAL VERMA	6.99	prajjval.me13
3
in
.ac.in
3
¹r·1301ME33	Pranay Prakash	8.03	pranay.me13
3
3
in
.ac.in
3
¹r·1301ME34	Pursouttam Prasad Ram	7.57	pursouttam.me13
in
3
¹r·1301ME35	PYDI GURUCHARAN	7.48	pydi.me13
outtam.me13
in
3
¹r·1301ME36	RAHUL KUMAR	8.89	rahul.me13
13
outtam.me13
in
3
¹r·1301ME36	RAHUL KUMAR	8.89	rahul.me13
13
outtam.me13
in
3
¹r·1301ME38	Raunak Srivastava	9.29	raunak.me13
am.me13
in
3
¹r·1301ME39	S.DINESH KUMAR	8.32	s.dinesh.me13

am.me13
in
3
¹r·1301ME40	Sarpe Aashish Subhash	7.5	aashish.me13
e13
in
3
¹r·1301ME40	Sarpe Aashish Subhash	7.5	aashish.me13
e13
in
3
¹r·1301ME41`	Saurabh Kumar Gupta	7.65	saurabh.me13
e13
in
3
¹r·1301ME43	Vikalp Sinha	7.74	vikalp.me13
abh.me13
e13
in
3
¹r·1301ME44	Vishal Nagarkoti	8.46	vishal.me13
me13
e13
in
3
¹r·1301ME45	Vishwajeet Kumar	6.89	vishwajeet.me13

e13
in
3
¹r·1301ME46	Y.Sravan Kumar	7.3	sravan.me13
t.me13

e13
in
3
¹r·